,0,1,2,3,4,5,6
0,1,Squid Game,TV Show,South Korea,Netflix,Mystery,Trap
1,2,Money Heist,TV Show,Spain,Netflix,Action,Heist
2,3,Lupin,TV Show,United States,Netflix,Crime,Crime Comedy
3,4,Sex/Life,TV Show,United States,Netflix,Drama,sex
4,5,Bridgerton,TV Show,United States,Netflix,Drama,Relationship
5,6,New Amsterdam,TV Show,United States,,Drama,Doctors
6,7,Lucifer,TV Show,United States,Netflix,Superhero,DC
7,8,Who Killed Sara?,TV Show,Mexico,Netflix,Crime,Mystery
8,9,Yo soy Betty la fea,TV Show,Colombia,,Drama,Cinderella Story
9,10,Maid,TV Show,United States,Netflix,Drama,Social Issues
10,11,Ginny & Georgia,TV Show,United States,Netflix,Drama,Teens
11,12,The Good Doctor,TV Show,United States,,Drama,Doctors
12,13,You,TV Show,United States,Netflix,Crime,Relationship
13,14,"Pablo Escobar, The Drug Lord",TV Show,Colombia,,Crime,Drug Cartel
14,15,Vincenzo,TV Show,South Korea,Netflix,Crime,Crime Comedy
15,16,Paw Patrol,TV Show,United States,,Animation,For babies
16,17,Sex Education,TV Show,United States,Netflix,Comedy,Teens
17,18,Riverdale,TV Show,United States,,Superhero,DC
18,19,Pasión de gavilanes,TV Show,Colombia,,Drama,Relationship
19,20,Behind Her Eyes,TV Show,United Kingdom,Netflix,Crime,Unfaithfulness
20,21,Arcane,TV Show,United States,Netflix,Animation,Adult Animation
21,22,Friends,TV Show,United States,,Comedy,Sitcom
22,23,Shadow and Bone,TV Show,United States,Netflix,Fantasy,Fantasy Adventure
23,24,Snowpiercer,TV Show,United States,Netflix,Science Fiction,Postapocalypse
24,25,Sweet Tooth,TV Show,United States,Netflix,Superhero,DC
25,26,Hometown Cha-Cha-Cha,TV Show,South Korea,Netflix,Comedy,Rom Com
26,27,CoComelon,TV Show,United States,,Animation,For babies
27,28,Firefly Lane,TV Show,United States,Netflix,Drama,Dramedy
28,29,Elite,TV Show,Spain,Netflix,Crime,Teens
29,30,Outer Banks,TV Show,United States,Netflix,Drama,Treasure hunt
30,31,The Serpent,TV Show,United Kingdom,Netflix,Crime,Serial killer
31,32,Sexify,TV Show,Poland,Netflix,Comedy,Teens
32,33,The Witcher,TV Show,United States,Netflix,Fantasy,Wizards
33,34,Fate: The Winx Saga,TV Show,Italy,Netflix,Fantasy,Fairies
34,35,The Blacklist,TV Show,United States,,Crime,Case of the week
35,36,Clickbait,TV Show,United States,Netflix,Drama,Crime Drama
36,37,El inocente,TV Show,Spain,Netflix,Crime,Murder
37,38,Too Hot to Handle,TV Show,United States,Netflix,Reality-Show,Relationship
38,39,Dynasty,TV Show,United States,Netflix,Drama,Family Ties
39,40,Never Have I Ever,TV Show,United States,Netflix,Comedy,Teens
40,41,Virgin River,TV Show,United States,Netflix,Drama,Relationship
41,42,Jupiter's Legacy,TV Show,United States,Netflix,Superhero,Independent Comics
42,43,Nuevo Rico Nuevo Pobre,TV Show,Colombia,,Drama,Soap
43,44,Rick and Morty,TV Show,United States,,Animation,Adult Animation
44,45,The Queen's Gambit,TV Show,United States,Netflix,Drama,Psychological
45,46,Hit & Run,TV Show,United States,Netflix,Mystery,Murder
46,47,The Queen of Flow,TV Show,Colombia,Netflix,Drama,Crime Drama
47,48,The King's Affection,TV Show,South Korea,Netflix,Drama,Kings and Queens
48,49,Hellbound,TV Show,South Korea,Netflix,Crime,Mystery
49,50,My Name,TV Show,South Korea,Netflix,Mystery,Revenge
50,51,Narcos: Mexico,TV Show,United States,Netflix,Crime,Gangsters
51,52,The Irregulars,TV Show,United Kingdom,Netflix,Crime,Case of the week
52,53,Vikings,TV Show,Ireland,,History,
53,54,Cobra Kai,TV Show,United States,Netflix,Action,Kung-fu
54,55,Lost in Space,TV Show,United States,Netflix,Science Fiction,Space opera
55,56,Good Girls,TV Show,United States,Netflix,Comedy,Dramedy
56,57,Jurassic World: Camp Cretaceous,TV Show,United States,Netflix,Animation,Dinosaurs
57,58,The Five Juanas,TV Show,Mexico,,Drama,Revenge
58,59,100 Dias Para Enamorarnos,TV Show,United States,,Comedy,Situation
59,60,The Snitch Cartel: Origins,TV Show,Colombia,Netflix,Crime,Drug Cartel
60,61,The Bold Type,TV Show,United States,,Drama,Relationship
61,62,The Circle,TV Show,United States,Netflix,Reality-Show,Relationship
62,63,Locke & Key,TV Show,Canada,Netflix,Superhero,Independent Comics
63,64,Brooklyn Nine-Nine,TV Show,United States,,Comedy,Buddies
64,65,Ragnarok,TV Show,Norway,Netflix,Fantasy,Vikings
65,66,Nevertheless,TV Show,South Korea,Netflix,Drama,Relationship
66,67,Titans,TV Show,United States,HBO,Superhero,DC
67,68,Hospital Playlist,TV Show,South Korea,Netflix,Drama,Relationship
68,69,The Cook of Castamar,TV Show,Spain,Netflix,Drama,Historical
69,70,Demon Slayer: Kimetsu no Yaiba,TV Show,Japan,,Animation,Anime
70,71,The One,TV Show,United Kingdom,Netflix,Science Fiction,Sci-fi drama
71,72,Sky Rojo,TV Show,Spain,Netflix,Crime,Crime Drama
72,73,Alice in Borderland,TV Show,Japan,Netflix,Mystery,Trap
73,74,Crime Scene: The Vanishing at the Cecil Hotel,TV Show,United States,Netflix,Documentary,Murder
74,75,StartUp,TV Show,United States,,Crime,Gangsters
75,76,Turning Point: 9/11 and the War on Terror,TV Show,United States,Netflix,Documentary,11 09
76,77,Kastanjemanden,TV Show,Denmark,Netflix,Crime,Murder
77,78,Formula 1: Drive to Survive,TV Show,United Kingdom,Netflix,Documentary,Cars
78,79,Chilling Adventures of Sabrina,TV Show,United States,Netflix,Fantasy,Witch
79,80,Sisyphus: The Myth,TV Show,South Korea,Netflix,Science Fiction,Time travel
80,81,The Crown,TV Show,United Kingdom,Netflix,History,Kings and Queens
81,82,Madre solo hay dos,TV Show,Mexico,Netflix,Comedy,Family
82,83,Luis Miguel: The Series,TV Show,Mexico,Netflix,Drama,Music
83,84,AlRawabi School for Girls,TV Show,Jordan,Netflix,Drama,Revenge
84,85,Gabby's Dollhouse,TV Show,United States,Netflix,Animation,For Girls
85,86,Superstore,TV Show,United States,,Comedy,Relationship
86,87,Emily in Paris,TV Show,United States,Netflix,Drama,Relationship
87,88,The Office,TV Show,United States,,Comedy,Sitcom
88,89,Falsa Identidad,TV Show,Mexico,,Drama,Crime Drama
89,90,True Story,TV Show,United States,Netflix,Drama,Crime Drama
90,91,Cowboy Bebop,TV Show,United States,Netflix,Science Fiction,Sci-fi drama
91,92,Midnight Mass,TV Show,Canada,Netflix,Horror,Supernatural
92,93,The 100,TV Show,United States,,Science Fiction,Postapocalypse
93,94,"Love, Death & Robots",TV Show,United States,Netflix,Animation,Anime
94,95,Tribes of Europa,TV Show,Germany,Netflix,Science Fiction,Postapocalypse
95,96,The Uncanny Counter,TV Show,South Korea,,Fantasy,Ghosts
96,97,Pokémon Journeys,TV Show,Japan,Netflix,Animation,For Boys
97,98,Attack on Titan,TV Show,Japan,,Animation,Anime
98,99,Selling Sunset,TV Show,United States,Netflix,Reality-Show,Housing
99,100,Age of Samurai: Battle for Japan,TV Show,United States,Netflix,Documentary,History
100,101,Atypical,TV Show,United States,Netflix,Comedy,Relationship
101,102,Mine,TV Show,South Korea,,Drama,Family Ties
102,103,Record of Ragnarok,TV Show,Japan,Netflix,Animation,Anime
103,104,Tale of the Nine Tailed,TV Show,South Korea,,Fantasy,
104,105,Law School,TV Show,South Korea,Netflix,Crime,Crime
105,106,Modern Family,TV Show,United States,,Comedy,Sitcom
106,107,Maya and the Three,TV Show,United States,Netflix,Animation,For Girls
107,108,The Seven Deadly Sins,TV Show,Japan,Netflix,Animation,Anime
108,109,Katla,TV Show,Iceland,Netflix,Science Fiction,Sci-fi drama
109,110,Disenchantment,TV Show,United States,Netflix,Animation,Adult Animation
110,111,Resurrection: Ertugrul,TV Show,Turkey,,Drama,Knights
111,112,My Hero Academia,TV Show,Japan,,Animation,Anime
112,113,Jujutsu Kaisen,TV Show,Japan,,Animation,
113,114,Miraculous: Tales of Ladybug & Cat Noir,TV Show,France,,Animation,For Boys
114,115,Bling Empire,TV Show,United States,Netflix,Reality-Show,Celebrity
115,116,Valeria,TV Show,Spain,Netflix,Drama,Relationship
116,117,Control Z,TV Show,Mexico,Netflix,Drama,Teens
117,118,"Acero, Woman of Steel",TV Show,Mexico,,Crime,Drugs
118,119,How to Become a Tyrant,TV Show,United States,Netflix,Documentary,History
119,120,S.W.A.T.,TV Show,United States,,Crime,Crime Drama
120,121,Top Secret UFO Projects: Declassified,TV Show,United States,Netflix,Documentary,Aliens
121,122,The Chair,TV Show,United States,Netflix,Drama,Dramedy
122,123,Love Marriage Divorce,TV Show,South Korea,Netflix,Drama,Family Ties
123,124,The Walking Dead,TV Show,United States,,Horror,Zombies
124,125,Spycraft,TV Show,United States,Netflix,Documentary,Spies
125,126,Too Hot to Handle: Brazil,TV Show,Brazil,Netflix,Reality-Show,Relationship
126,127,Deadly Class,TV Show,United States,,Superhero,Independent Comics
127,128,Night Stalker: The Hunt For a Serial Killer,TV Show,United States,Netflix,Documentary,Serial killer
128,129,The Lost Pirate Kingdom,TV Show,United States,Netflix,Documentary,Pirates
129,130,Snabba Cash,TV Show,Sweden,Netflix,Crime,Gangsters
130,131,Run On,TV Show,South Korea,,Drama,Relationship
131,132,Go Dog Go,TV Show,United States,Netflix,Animation,For babies
132,133,Selena: The Series,TV Show,Mexico,Netflix,Drama,Music
133,134,Elite Short Stories: Carla Samuel,TV Show,Spain,Netflix,Romance,Relationship
134,135,Girl from Nowhere,TV Show,Thailand,Netflix,Drama,Teens
135,136,Tiny Pretty Things,TV Show,United States,Netflix,Drama,Dance
136,137,Capitani,TV Show,Luxembourg,Netflix,Crime,Crime Drama
137,138,The Sons of Sam: A Descent Into Darkness,TV Show,United States,Netflix,Documentary,Crime
138,139,Love Alarm,TV Show,South Korea,Netflix,Drama,Relationship
139,140,Halston,TV Show,United States,Netflix,Drama,LGBT
140,141,RuPaul's Drag Race,TV Show,United States,,Reality-Show,LGBT
141,142,Castlevania,TV Show,United States,Netflix,Animation,Anime
142,143,Workin' Moms,TV Show,Canada,Netflix,Comedy,Relationship
143,144,Attenborough's Life in Colour,TV Show,Australia,Netflix,Documentary,Nature
144,145,Crash Landing on You,TV Show,South Korea,Netflix,Drama,
145,146,Fatma,TV Show,Turkey,Netflix,Mystery,Murder
146,147,Sweet Home,TV Show,South Korea,Netflix,Horror,Zombies
147,148,Outlander,TV Show,United States,,Drama,Forbidden Love
148,149,Beauty and the Baker,TV Show,Israel,,Comedy,Relationship
149,150,Zero Chill,TV Show,United Kingdom,Netflix,Drama,Skating
150,151,The Umbrella Academy,TV Show,United States,Netflix,Superhero,Independent Comics
151,152,Dark Desire,TV Show,Mexico,Netflix,Drama,Relationship
152,153,Ratched,TV Show,United States,Netflix,Drama,Psychological
153,154,Dark,TV Show,Germany,Netflix,Mystery,Supernatural
154,155,The Last Dance,TV Show,United States,,Documentary,Basketball
155,156,The Haunting of Bly Manor,TV Show,United States,Netflix,Horror,Ghosts
156,157,Cursed,TV Show,United States,Netflix,Fantasy,
157,158,It's Okay to Not Be Okay,TV Show,South Korea,Netflix,Drama,Relationship
158,159,Locked Up,TV Show,Spain,Netflix,Drama,Prison
159,160,Star Trek: Discovery,TV Show,United States,,Science Fiction,Space opera
160,161,Warrior Nun,TV Show,United States,Netflix,Fantasy,Demons
161,162,Away,TV Show,United States,Netflix,Science Fiction,Space
162,163,Barbaren,TV Show,Germany,Netflix,History,Ancient Rome
163,164,Unsolved Mysteries,TV Show,United States,Netflix,Documentary,Murder
164,165,Start-Up,TV Show,South Korea,,Comedy,Dramedy
165,166,13 Reasons Why,TV Show,United States,Netflix,Drama,Teens
166,167,The King: Eternal Monarch,TV Show,South Korea,Netflix,Science Fiction,Sci-fi drama
167,168,White Lines,TV Show,United Kingdom,Netflix,Crime,Disapperance
168,169,The Boss Baby: Back in Business,TV Show,United States,Netflix,Animation,For Boys
169,170,Her Mother's Killer,TV Show,Colombia,,Drama,Relationship
170,171,Space Force,TV Show,United States,Netflix,Comedy,Sitcom
171,172,The Order,TV Show,United States,Netflix,Fantasy,Wizards
172,173,"Tiger King: Murder, Mayhem and Madness",TV Show,United States,Netflix,Documentary,Crime
173,174,Ozark,TV Show,United States,Netflix,Drama,Gangsters
174,175,Record of Youth,TV Show,South Korea,,Drama,Showbusiness
175,176,Amar y Vivir,TV Show,Colombia,Netflix,Drama,Relationship
176,177,Floor is Lava,TV Show,United States,Netflix,Reality-Show,Sport
177,178,To the Lake,TV Show,Russia,Netflix,Science Fiction,Postapocalypse
178,179,The Mess You Leave Behind,TV Show,Spain,Netflix,Drama,Crime Drama
179,180,Jeffrey Epstein: Filthy Rich,TV Show,United States,Netflix,Documentary,Crime
180,181,Prison Break,TV Show,United States,,Action,Prison
181,182,Unorthodox,TV Show,Germany,Netflix,Drama,Family Ties
182,183,How to Get Away with Murder,TV Show,United States,,Crime,Lawyers
183,184,Toy Boy,TV Show,Spain,Netflix,Crime,Prison
184,185,The Sinner,TV Show,United States,,Crime,Murder
185,186,Dash & Lily,TV Show,United States,Netflix,Comedy,Relationship
186,187,Enemigo íntimo,TV Show,Spain,,Drama,Gangsters
187,188,Down to Earth with Zac Efron,TV Show,United States,Netflix,Documentary,Geography
188,189,Was It Love,TV Show,South Korea,Netflix,Comedy,Relationship
189,190,World's Most Wanted,TV Show,United States,Netflix,Documentary,Crime
190,191,Dead to Me,TV Show,United States,Netflix,Drama,Dramedy
191,192,Queen of the South,TV Show,United States,,Drama,Drugs
192,193,Blood of Zeus,TV Show,United States,Netflix,Animation,Anime
193,194,La Révolution,TV Show,France,Netflix,Drama,Kings and Queens
194,195,Big Mouth,TV Show,United States,Netflix,Animation,Adult Animation
195,196,Stolen Away,TV Show,Spain,,Drama,Prison
196,197,Hoops,TV Show,United States,Netflix,Animation,Adult Animation
197,198,The Rain,TV Show,Denmark,Netflix,Science Fiction,Postapocalypse
198,199,El Dragón: Return of a Warrior,TV Show,Mexico,Netflix,Action,Revenge
199,200,How to Sell Drugs Online (Fast),TV Show,Germany,Netflix,Comedy,Gangsters
200,201,Freud,TV Show,Austria,Netflix,Drama,
201,202,Mystic Pop-Up Bar,TV Show,South Korea,Netflix,Mystery,Supernatural
202,203,Family Guy,TV Show,United States,,Animation,Adult Animation
203,204,The Business of Drugs,TV Show,United States,Netflix,Documentary,Drugs
204,205,Young Wallander,TV Show,Sweden,Netflix,Crime,Crime Drama
205,206,Trinkets,TV Show,United States,Netflix,Drama,Teens
206,207,The Last Kingdom,TV Show,United Kingdom,Netflix,History,Kings and Queens
207,208,Fear City: New York vs The Mafia,TV Show,United States,Netflix,Documentary,Gangsters
208,209,Grizzy & the Lemmings,TV Show,France,,Animation,For babies
209,210,Alien Worlds,TV Show,United Kingdom,Netflix,Documentary,Aliens
210,211,Bimilui Soop,TV Show,South Korea,,Crime,Crime Drama
211,212,Baby,TV Show,Italy,Netflix,Drama,Teens
